item_id,condition,ecosystem,case_type,answer_given,status,grounding,branch,correct,correctness_reason,declared_insufficient,faithfulness,stated_verdict,precision_at_k,k
S3-178e81dd68,A,npm,cve_fix,True,ok,sufficient,fixed,True,escapes_every_advisory,False,faithful,faithful,,
S3-196bee2a82,A,npm,cve_fix,True,ok,sufficient,fixed,True,escapes_every_advisory,True,faithful,faithful,,
S3-2344c2d5f0,A,npm,cve_fix,True,ok,sufficient,fixed,True,escapes_every_advisory,False,minor_unsupported,minor_unsupported,,
S3-26aeb41ab4,A,npm,cve_fix,False,ok,sufficient,fixed,True,escapes_every_advisory,False,faithful,faithful,,
S3-39288fb7e1,A,npm,cve_fix,True,ok,sufficient,fixed,True,escapes_every_advisory,False,faithful,faithful,,
S3-3962e7e622,A,npm,cve_fix,True,ok,sufficient,fixed,True,escapes_every_advisory,True,faithful,faithful,,
S3-3e2b9e4f48,A,npm,cve_fix,True,ok,sufficient,fixed,True,escapes_every_advisory,False,faithful,faithful,,
S3-44195a8d92,A,npm,cve_fix,True,ok,sufficient,fixed,True,escapes_every_advisory,False,faithful,faithful,,
S3-49a3654b5d,A,npm,cve_fix,True,ok,sufficient,fixed,True,escapes_every_advisory,False,faithful,faithful,,
S3-4ab3cb3a24,A,npm,cve_fix,True,ok,sufficient,fixed,True,escapes_every_advisory,False,faithful,faithful,,
S3-4f2d7583a9,A,npm,cve_fix,True,ok,sufficient,fixed,False,no_version,True,faithful,faithful,,
S3-502866d352,A,npm,cve_fix,False,ok,sufficient,fixed,True,escapes_every_advisory,False,faithful,faithful,,
S3-60d098c607,A,npm,cve_fix,False,ok,sufficient,fixed,True,escapes_every_advisory,True,faithful,faithful,,
S3-6c0b1b3cb5,A,npm,cve_fix,True,ok,sufficient,fixed,True,escapes_every_advisory,True,faithful,faithful,,
S3-722d700af5,A,npm,cve_fix,True,ok,sufficient,fixed,True,escapes_every_advisory,False,faithful,faithful,,
S3-757d405323,A,npm,cve_fix,True,ok,sufficient,fixed,True,escapes_every_advisory,False,faithful,faithful,,
S3-7757cfdf69,A,npm,cve_fix,False,ok,sufficient,fixed,True,escapes_every_advisory,False,faithful,faithful,,
S3-7d74a29656,A,npm,cve_fix,True,ok,sufficient,fixed,True,escapes_every_advisory,True,faithful,faithful,,
S3-8594fe0d64,A,npm,cve_fix,True,ok,sufficient,fixed,True,escapes_every_advisory,False,faithful,faithful,,
S3-9981e7a365,A,npm,cve_fix,True,ok,sufficient,fixed,True,escapes_every_advisory,False,faithful,faithful,,
S3-a078012751,A,npm,cve_fix,True,ok,sufficient,fixed,True,escapes_every_advisory,False,faithful,faithful,,
S3-a122ba6834,A,npm,cve_fix,True,ok,sufficient,fixed,False,no_fix_for_this_package,False,faithful,faithful,,
S3-a5ac245b50,A,npm,cve_fix,True,ok,sufficient,fixed,True,escapes_every_advisory,False,major_unsupported,minor_unsupported,,
S3-aad1080e67,A,npm,cve_fix,False,ok,sufficient,fixed,True,escapes_every_advisory,True,faithful,faithful,,
S3-ac82bbe1f5,A,npm,cve_fix,True,ok,sufficient,fixed,True,escapes_every_advisory,False,faithful,faithful,,
S3-b40e294636,A,npm,cve_fix,True,ok,sufficient,fixed,True,escapes_every_advisory,False,faithful,faithful,,
S3-c030612877,A,npm,cve_fix,False,ok,sufficient,fixed,True,escapes_every_advisory,False,faithful,faithful,,
S3-c93a30ebf5,A,npm,cve_fix,True,ok,sufficient,fixed,True,escapes_every_advisory,True,faithful,faithful,,
S3-cd4e25457f,A,npm,cve_fix,True,ok,sufficient,fixed,True,escapes_every_advisory,False,faithful,faithful,,
S3-d554e71610,A,npm,cve_fix,False,ok,sufficient,fixed,True,escapes_every_advisory,False,faithful,faithful,,
S3-eb0296adc8,A,npm,cve_fix,True,ok,sufficient,fixed,True,escapes_every_advisory,False,faithful,faithful,,
S3-f2aba40384,A,npm,cve_fix,True,ok,sufficient,fixed,True,escapes_every_advisory,False,faithful,faithful,,
S3-f2c331b76a,A,npm,cve_fix,True,ok,sufficient,fixed,True,escapes_every_advisory,False,faithful,faithful,,
S3-f39c7e4573,A,npm,cve_fix,True,ok,sufficient,fixed,True,escapes_every_advisory,True,faithful,faithful,,
S3-f3c8926506,A,npm,cve_fix,False,ok,sufficient,fixed,True,escapes_every_advisory,False,faithful,faithful,,
S3-f494cec6d9,A,npm,cve_fix,True,ok,sufficient,fixed,True,escapes_every_advisory,False,faithful,faithful,,
S3-fef0c182ca,A,npm,cve_fix,True,ok,sufficient,fixed,False,no_version,True,faithful,faithful,,
S3-078563ef49,A,npm,deprecation_replacement,True,ok,sufficient,fixed,False,no_replacement,False,faithful,faithful,,
S3-07e91951e7,A,npm,deprecation_replacement,True,ok,sufficient,fixed,True,successor_named,False,faithful,faithful,,
S3-16c5294fad,A,npm,deprecation_replacement,True,ok,sufficient,fixed,False,no_replacement,False,faithful,faithful,,
S3-19569886c0,A,npm,deprecation_replacement,True,ok,sufficient,fixed,True,successor_named,False,faithful,faithful,,
S3-211276731e,A,npm,deprecation_replacement,True,ok,sufficient,fixed,True,successor_named,False,faithful,faithful,,
S3-25aa5ff6aa,A,npm,deprecation_replacement,True,ok,sufficient,fixed,True,successor_named,False,faithful,faithful,,
S3-27dc6e9349,A,npm,deprecation_replacement,True,ok,sufficient,fixed,False,no_replacement,False,faithful,faithful,,
S3-30835ec6e2,A,npm,deprecation_replacement,True,ok,sufficient,fixed,False,no_replacement,True,faithful,faithful,,
S3-351c1d1201,A,npm,deprecation_replacement,True,ok,sufficient,fixed,False,no_replacement,False,faithful,faithful,,
S3-3c6f498657,A,npm,deprecation_replacement,True,ok,sufficient,fixed,True,successor_named,False,faithful,faithful,,
S3-409e91c326,A,npm,deprecation_replacement,True,ok,sufficient,fixed,True,successor_named,False,faithful,faithful,,
S3-4a6d5ebfca,A,npm,deprecation_replacement,True,ok,sufficient,fixed,True,successor_named,False,faithful,faithful,,
S3-4bdf84f422,A,npm,deprecation_replacement,True,ok,sufficient,fixed,False,no_replacement,False,faithful,faithful,,
S3-4fd04cdf4e,A,npm,deprecation_replacement,True,ok,sufficient,fixed,False,no_replacement,False,faithful,faithful,,
S3-539298bc48,A,npm,deprecation_replacement,True,ok,sufficient,fixed,False,no_replacement,True,faithful,faithful,,
S3-53c1247d7f,A,npm,deprecation_replacement,True,ok,sufficient,fixed,False,no_replacement,False,faithful,faithful,,
S3-54572f7c11,A,npm,deprecation_replacement,True,ok,sufficient,fixed,False,no_replacement,False,faithful,faithful,,
S3-581f141798,A,npm,deprecation_replacement,True,ok,sufficient,fixed,False,no_replacement,True,faithful,faithful,,
S3-643a67e076,A,npm,deprecation_replacement,True,ok,sufficient,fixed,False,no_replacement,True,faithful,faithful,,
S3-674aa7890d,A,npm,deprecation_replacement,True,ok,sufficient,fixed,False,no_replacement,False,faithful,faithful,,
S3-733cf68b45,A,npm,deprecation_replacement,True,ok,sufficient,fixed,True,successor_named,False,faithful,faithful,,
S3-8829e2b1e8,A,npm,deprecation_replacement,True,ok,sufficient,fixed,True,successor_named,False,faithful,faithful,,
S3-88c845b9c6,A,npm,deprecation_replacement,True,ok,sufficient,fixed,True,successor_named,False,faithful,faithful,,
S3-9925cf8712,A,npm,deprecation_replacement,True,ok,sufficient,fixed,True,successor_named,False,faithful,faithful,,
S3-ac7b8627fc,A,npm,deprecation_replacement,True,ok,sufficient,fixed,False,no_replacement,False,faithful,faithful,,
S3-acb8ba6c19,A,npm,deprecation_replacement,True,ok,sufficient,fixed,True,successor_named,True,faithful,faithful,,
S3-b21b41321f,A,npm,deprecation_replacement,True,ok,sufficient,fixed,False,no_replacement,False,faithful,faithful,,
S3-b631eaa95d,A,npm,deprecation_replacement,True,ok,sufficient,fixed,True,successor_named,False,faithful,faithful,,
S3-bddf1c8e9f,A,npm,deprecation_replacement,True,ok,sufficient,fixed,False,no_replacement,False,minor_unsupported,minor_unsupported,,
S3-c453a5f2ff,A,npm,deprecation_replacement,True,ok,sufficient,fixed,True,successor_named,False,faithful,faithful,,
S3-c544684c9b,A,npm,deprecation_replacement,True,ok,sufficient,fixed,False,no_replacement,True,faithful,faithful,,
S3-cc10901c43,A,npm,deprecation_replacement,True,ok,sufficient,fixed,False,no_replacement,False,minor_unsupported,minor_unsupported,,
S3-d3efd8136c,A,npm,deprecation_replacement,True,ok,sufficient,fixed,True,successor_named,False,faithful,faithful,,
S3-d9fd8e9766,A,npm,deprecation_replacement,True,ok,sufficient,fixed,False,no_replacement,False,faithful,faithful,,
S3-e3faec9463,A,npm,deprecation_replacement,True,ok,sufficient,fixed,False,no_replacement,True,faithful,faithful,,
S3-e910a557e3,A,npm,deprecation_replacement,True,ok,sufficient,fixed,True,successor_named,False,faithful,faithful,,
S3-f2a66f59bc,A,npm,deprecation_replacement,True,ok,sufficient,fixed,False,no_replacement,False,faithful,faithful,,
S3-fd77d1f262,A,npm,deprecation_replacement,True,ok,sufficient,fixed,True,successor_named,False,faithful,faithful,,
S3-025ccd1209,A,pypi,cve_fix,True,ok,sufficient,fixed,True,escapes_every_advisory,False,faithful,faithful,,
S3-03551af2a3,A,pypi,cve_fix,False,ok,sufficient,fixed,True,escapes_every_advisory,False,faithful,faithful,,
S3-04ab73079a,A,pypi,cve_fix,True,ok,sufficient,fixed,True,escapes_every_advisory,False,faithful,faithful,,
S3-07c8c4e420,A,pypi,cve_fix,True,ok,sufficient,fixed,True,escapes_every_advisory,False,faithful,faithful,,
S3-08c7332aa8,A,pypi,cve_fix,True,ok,sufficient,fixed,True,escapes_every_advisory,False,faithful,faithful,,
S3-0ae1581e49,A,pypi,cve_fix,True,ok,sufficient,fixed,True,escapes_every_advisory,False,faithful,faithful,,
S3-0bde55d926,A,pypi,cve_fix,True,ok,sufficient,fixed,True,escapes_every_advisory,True,faithful,faithful,,
S3-0cb3ea2cb6,A,pypi,cve_fix,True,ok,sufficient,fixed,True,escapes_every_advisory,False,faithful,faithful,,
S3-204a9be602,A,pypi,cve_fix,True,ok,sufficient,fixed,True,escapes_every_advisory,True,faithful,faithful,,
S3-20ecb69394,A,pypi,cve_fix,True,ok,sufficient,fixed,True,escapes_every_advisory,False,faithful,faithful,,
S3-2156d7d3df,A,pypi,cve_fix,True,ok,sufficient,fixed,True,escapes_every_advisory,False,faithful,faithful,,
S3-22651abc2e,A,pypi,cve_fix,True,ok,sufficient,fixed,True,escapes_every_advisory,False,faithful,faithful,,
S3-2281f5f608,A,pypi,cve_fix,True,ok,sufficient,fixed,True,escapes_every_advisory,False,faithful,faithful,,
S3-22d0f2175e,A,pypi,cve_fix,True,ok,sufficient,fixed,True,escapes_every_advisory,False,faithful,faithful,,
S3-24e78b5bf6,A,pypi,cve_fix,True,ok,sufficient,fixed,True,escapes_every_advisory,False,faithful,faithful,,
S3-2b4d085daa,A,pypi,cve_fix,True,ok,sufficient,fixed,True,escapes_every_advisory,False,faithful,faithful,,
S3-2b74750370,A,pypi,cve_fix,True,ok,sufficient,fixed,True,escapes_every_advisory,False,faithful,faithful,,
S3-2b7680909a,A,pypi,cve_fix,False,ok,sufficient,fixed,True,escapes_every_advisory,False,faithful,faithful,,
S3-2d0570dcfb,A,pypi,cve_fix,True,ok,sufficient,fixed,True,escapes_every_advisory,False,faithful,faithful,,
S3-2faf984e89,A,pypi,cve_fix,True,ok,sufficient,fixed,True,escapes_every_advisory,False,faithful,faithful,,
S3-30377b9065,A,pypi,cve_fix,True,ok,sufficient,fixed,True,escapes_every_advisory,False,faithful,faithful,,
S3-323b773685,A,pypi,cve_fix,True,ok,sufficient,fixed,True,escapes_every_advisory,False,faithful,faithful,,
S3-3d370b0b24,A,pypi,cve_fix,True,ok,sufficient,fixed,False,no_version,False,faithful,faithful,,
S3-3dc2ebde9f,A,pypi,cve_fix,True,ok,sufficient,fixed,True,escapes_every_advisory,True,faithful,faithful,,
S3-3e98984ff0,A,pypi,cve_fix,True,ok,sufficient,fixed,True,escapes_every_advisory,True,faithful,faithful,,
S3-3fed89b648,A,pypi,cve_fix,True,ok,sufficient,fixed,True,escapes_every_advisory,False,faithful,faithful,,
S3-40264f4636,A,pypi,cve_fix,True,ok,sufficient,fixed,True,escapes_every_advisory,False,faithful,faithful,,
S3-445c626457,A,pypi,cve_fix,False,ok,sufficient,fixed,True,escapes_every_advisory,False,faithful,faithful,,
S3-45c2ef2c7b,A,pypi,cve_fix,True,ok,sufficient,fixed,True,escapes_every_advisory,False,faithful,faithful,,
S3-4827bfc6cf,A,pypi,cve_fix,True,ok,sufficient,fixed,True,escapes_every_advisory,False,faithful,faithful,,
S3-4e603f6378,A,pypi,cve_fix,True,ok,sufficient,fixed,True,escapes_every_advisory,False,faithful,faithful,,
S3-4e626d8998,A,pypi,cve_fix,True,ok,sufficient,fixed,True,escapes_every_advisory,False,faithful,faithful,,
S3-5193297e81,A,pypi,cve_fix,True,ok,sufficient,fixed,True,escapes_every_advisory,True,faithful,faithful,,
S3-5b1e78f0cc,A,pypi,cve_fix,True,ok,sufficient,fixed,True,escapes_every_advisory,True,faithful,faithful,,
S3-61ffa06cc5,A,pypi,cve_fix,True,ok,sufficient,fixed,True,escapes_every_advisory,False,faithful,faithful,,
S3-64634cf4e6,A,pypi,cve_fix,True,ok,sufficient,fixed,True,escapes_every_advisory,False,faithful,faithful,,
S3-6b0cf81601,A,pypi,cve_fix,True,ok,sufficient,fixed,True,escapes_every_advisory,True,faithful,faithful,,
S3-71b80f8812,A,pypi,cve_fix,True,ok,sufficient,fixed,True,escapes_every_advisory,True,faithful,faithful,,
S3-73497b2116,A,pypi,cve_fix,True,ok,sufficient,fixed,True,escapes_every_advisory,False,faithful,faithful,,
S3-7b38c84e82,A,pypi,cve_fix,True,ok,sufficient,fixed,True,escapes_every_advisory,False,faithful,faithful,,
S3-7b3ac993fc,A,pypi,cve_fix,True,ok,sufficient,fixed,True,escapes_every_advisory,False,faithful,faithful,,
S3-7b45771871,A,pypi,cve_fix,False,ok,sufficient,fixed,True,escapes_every_advisory,False,faithful,faithful,,
S3-7c63708478,A,pypi,cve_fix,True,ok,sufficient,fixed,True,escapes_every_advisory,False,faithful,faithful,,
S3-8067a7f10e,A,pypi,cve_fix,False,ok,sufficient,fixed,True,escapes_every_advisory,False,faithful,faithful,,
S3-808a8b7577,A,pypi,cve_fix,True,ok,sufficient,fixed,True,escapes_every_advisory,False,faithful,faithful,,
S3-809a44c5fa,A,pypi,cve_fix,True,ok,sufficient,fixed,True,escapes_every_advisory,False,faithful,faithful,,
S3-80c3a4d494,A,pypi,cve_fix,True,ok,sufficient,fixed,True,escapes_every_advisory,True,faithful,faithful,,
S3-8c4810b67f,A,pypi,cve_fix,False,ok,sufficient,fixed,True,escapes_every_advisory,True,faithful,faithful,,
S3-8e707fdf02,A,pypi,cve_fix,True,ok,sufficient,fixed,True,escapes_every_advisory,False,faithful,faithful,,
S3-8e9233526f,A,pypi,cve_fix,True,ok,sufficient,fixed,True,escapes_every_advisory,False,faithful,faithful,,
S3-911ca75ebc,A,pypi,cve_fix,True,ok,sufficient,fixed,True,escapes_every_advisory,True,faithful,faithful,,
S3-92b604c417,A,pypi,cve_fix,True,ok,sufficient,fixed,True,escapes_every_advisory,True,faithful,faithful,,
S3-9e35f9721a,A,pypi,cve_fix,False,ok,sufficient,fixed,True,escapes_every_advisory,False,faithful,faithful,,
S3-9e5520c8fa,A,pypi,cve_fix,True,ok,sufficient,fixed,True,escapes_every_advisory,False,faithful,faithful,,
S3-9fa5ff1c2b,A,pypi,cve_fix,True,ok,sufficient,fixed,True,escapes_every_advisory,False,faithful,faithful,,
S3-a183118b31,A,pypi,cve_fix,True,ok,sufficient,fixed,True,escapes_every_advisory,False,faithful,faithful,,
S3-a1f59fbead,A,pypi,cve_fix,True,ok,sufficient,fixed,True,escapes_every_advisory,False,faithful,faithful,,
S3-aa26e6437e,A,pypi,cve_fix,False,ok,sufficient,fixed,False,still_affected_or_not_an_upgrade,False,faithful,faithful,,
S3-b162848ff5,A,pypi,cve_fix,False,ok,sufficient,fixed,True,escapes_every_advisory,False,faithful,faithful,,
S3-b54188ec1c,A,pypi,cve_fix,True,ok,sufficient,fixed,True,escapes_every_advisory,False,faithful,faithful,,
S3-b678c221d0,A,pypi,cve_fix,True,ok,sufficient,fixed,True,escapes_every_advisory,False,faithful,faithful,,
S3-b9b0fe1996,A,pypi,cve_fix,True,ok,sufficient,fixed,True,escapes_every_advisory,False,faithful,faithful,,
S3-ba55791b24,A,pypi,cve_fix,True,ok,sufficient,fixed,True,escapes_every_advisory,False,faithful,faithful,,
S3-bbb45f2c54,A,pypi,cve_fix,False,ok,sufficient,fixed,True,escapes_every_advisory,False,faithful,faithful,,
S3-bd8ec06a72,A,pypi,cve_fix,True,ok,sufficient,fixed,True,escapes_every_advisory,False,minor_unsupported,minor_unsupported,,
S3-bea3ec84cc,A,pypi,cve_fix,True,ok,sufficient,fixed,True,escapes_every_advisory,False,faithful,faithful,,
S3-c0b2b3380f,A,pypi,cve_fix,False,ok,sufficient,fixed,True,escapes_every_advisory,False,faithful,faithful,,
S3-c16432766d,A,pypi,cve_fix,False,ok,sufficient,fixed,True,escapes_every_advisory,False,faithful,faithful,,
S3-c53196bd12,A,pypi,cve_fix,True,ok,sufficient,fixed,True,escapes_every_advisory,False,faithful,faithful,,
S3-c694c380f5,A,pypi,cve_fix,True,ok,sufficient,fixed,True,escapes_every_advisory,False,faithful,faithful,,
S3-d3923a72e3,A,pypi,cve_fix,True,ok,sufficient,fixed,True,escapes_every_advisory,False,faithful,faithful,,
S3-eb144795bd,A,pypi,cve_fix,False,ok,sufficient,fixed,True,escapes_every_advisory,False,faithful,faithful,,
S3-ec5a85dec1,A,pypi,cve_fix,True,ok,sufficient,fixed,True,escapes_every_advisory,False,faithful,faithful,,
S3-f235fea69c,A,pypi,cve_fix,False,ok,sufficient,fixed,True,escapes_every_advisory,True,faithful,faithful,,
S3-fd66e0b6e7,A,pypi,cve_fix,True,ok,sufficient,fixed,True,escapes_every_advisory,False,faithful,faithful,,
S3-178e81dd68,B,npm,cve_fix,True,ok,sufficient,fixed,True,escapes_every_advisory,False,faithful,faithful,0.0,5
S3-196bee2a82,B,npm,cve_fix,True,ok,sufficient,fixed,True,escapes_every_advisory,False,faithful,faithful,0.0,5
S3-2344c2d5f0,B,npm,cve_fix,True,ok,sufficient,fixed,True,escapes_every_advisory,False,faithful,faithful,0.0,5
S3-26aeb41ab4,B,npm,cve_fix,False,ok,sufficient,fixed,True,escapes_every_advisory,False,faithful,faithful,0.0,5
S3-39288fb7e1,B,npm,cve_fix,True,ok,sufficient,fixed,True,escapes_every_advisory,False,faithful,faithful,0.0,2
S3-3962e7e622,B,npm,cve_fix,True,ok,sufficient,fixed,False,no_version,False,faithful,faithful,0.0,5
S3-3e2b9e4f48,B,npm,cve_fix,True,ok,sufficient,fixed,True,escapes_every_advisory,False,faithful,faithful,0.0,5
S3-44195a8d92,B,npm,cve_fix,True,ok,sufficient,fixed,True,escapes_every_advisory,False,faithful,faithful,0.0,5
S3-49a3654b5d,B,npm,cve_fix,True,ok,sufficient,fixed,True,escapes_every_advisory,False,faithful,faithful,0.0,5
S3-4ab3cb3a24,B,npm,cve_fix,True,ok,sufficient,fixed,True,escapes_every_advisory,False,faithful,faithful,0.0,5
S3-4f2d7583a9,B,npm,cve_fix,True,ok,sufficient,fixed,True,escapes_every_advisory,False,faithful,faithful,,
S3-502866d352,B,npm,cve_fix,False,ok,sufficient,fixed,True,escapes_every_advisory,False,faithful,faithful,0.0,5
S3-60d098c607,B,npm,cve_fix,False,ok,sufficient,fixed,True,escapes_every_advisory,False,faithful,faithful,0.0,5
S3-6c0b1b3cb5,B,npm,cve_fix,True,ok,sufficient,fixed,True,escapes_every_advisory,False,faithful,faithful,0.0,5
S3-722d700af5,B,npm,cve_fix,True,ok,sufficient,fixed,False,no_version,False,faithful,faithful,0.0,5
S3-757d405323,B,npm,cve_fix,True,ok,sufficient,fixed,True,escapes_every_advisory,False,faithful,faithful,0.2,5
S3-7757cfdf69,B,npm,cve_fix,False,ok,sufficient,fixed,True,escapes_every_advisory,False,faithful,faithful,0.0,5
S3-7d74a29656,B,npm,cve_fix,True,ok,sufficient,fixed,True,escapes_every_advisory,False,faithful,faithful,0.0,5
S3-8594fe0d64,B,npm,cve_fix,True,ok,sufficient,fixed,True,escapes_every_advisory,False,faithful,faithful,0.0,5
S3-9981e7a365,B,npm,cve_fix,True,ok,sufficient,fixed,True,escapes_every_advisory,False,faithful,faithful,0.0,5
S3-a078012751,B,npm,cve_fix,True,ok,sufficient,fixed,True,escapes_every_advisory,False,faithful,faithful,0.2,5
S3-a122ba6834,B,npm,cve_fix,True,ok,sufficient,fixed,True,escapes_every_advisory,False,faithful,faithful,0.0,5
S3-a5ac245b50,B,npm,cve_fix,True,ok,sufficient,fixed,True,escapes_every_advisory,False,faithful,faithful,0.0,5
S3-aad1080e67,B,npm,cve_fix,False,ok,sufficient,fixed,True,escapes_every_advisory,False,faithful,faithful,0.0,5
S3-ac82bbe1f5,B,npm,cve_fix,True,ok,sufficient,fixed,True,escapes_every_advisory,False,faithful,faithful,,
S3-b40e294636,B,npm,cve_fix,True,ok,sufficient,fixed,True,escapes_every_advisory,False,faithful,faithful,0.2,5
S3-c030612877,B,npm,cve_fix,False,ok,sufficient,fixed,True,escapes_every_advisory,False,faithful,faithful,0.0,5
S3-c93a30ebf5,B,npm,cve_fix,True,ok,sufficient,fixed,True,escapes_every_advisory,False,faithful,faithful,0.0,5
S3-cd4e25457f,B,npm,cve_fix,True,ok,sufficient,fixed,True,escapes_every_advisory,False,faithful,faithful,0.0,1
S3-d554e71610,B,npm,cve_fix,False,ok,sufficient,fixed,True,escapes_every_advisory,False,faithful,faithful,0.0,5
S3-eb0296adc8,B,npm,cve_fix,True,ok,sufficient,fixed,True,escapes_every_advisory,False,faithful,faithful,0.0,5
S3-f2aba40384,B,npm,cve_fix,True,ok,sufficient,fixed,False,no_version,False,faithful,faithful,0.0,5
S3-f2c331b76a,B,npm,cve_fix,True,ok,sufficient,fixed,True,escapes_every_advisory,False,faithful,faithful,0.0,5
S3-f39c7e4573,B,npm,cve_fix,True,ok,sufficient,fixed,True,escapes_every_advisory,False,faithful,faithful,0.0,5
S3-f3c8926506,B,npm,cve_fix,False,ok,sufficient,fixed,False,no_version,False,faithful,faithful,0.0,5
S3-f494cec6d9,B,npm,cve_fix,True,ok,sufficient,fixed,True,escapes_every_advisory,False,faithful,faithful,0.0,5
S3-fef0c182ca,B,npm,cve_fix,True,ok,sufficient,fixed,True,escapes_every_advisory,False,faithful,faithful,,
S3-078563ef49,B,npm,deprecation_replacement,True,ok,sufficient,fixed,True,successor_named,False,faithful,faithful,0.0,5
S3-07e91951e7,B,npm,deprecation_replacement,True,ok,sufficient,fixed,False,no_replacement,False,faithful,faithful,0.0,5
S3-16c5294fad,B,npm,deprecation_replacement,True,ok,sufficient,fixed,True,successor_named,False,faithful,faithful,0.0,5
S3-19569886c0,B,npm,deprecation_replacement,True,ok,sufficient,fixed,False,no_replacement,False,faithful,faithful,0.0,5
S3-211276731e,B,npm,deprecation_replacement,True,ok,sufficient,fixed,False,no_replacement,True,faithful,faithful,,
S3-25aa5ff6aa,B,npm,deprecation_replacement,True,ok,sufficient,fixed,True,successor_named,False,faithful,faithful,0.2,5
S3-27dc6e9349,B,npm,deprecation_replacement,True,ok,sufficient,fixed,True,successor_named,False,faithful,faithful,0.0,5
S3-30835ec6e2,B,npm,deprecation_replacement,True,ok,sufficient,fixed,True,successor_named,False,faithful,faithful,0.0,5
S3-351c1d1201,B,npm,deprecation_replacement,True,ok,sufficient,fixed,True,successor_named,False,faithful,faithful,0.0,5
S3-3c6f498657,B,npm,deprecation_replacement,True,ok,sufficient,fixed,True,successor_named,False,faithful,faithful,0.0,5
S3-409e91c326,B,npm,deprecation_replacement,True,ok,sufficient,fixed,True,successor_named,False,faithful,faithful,0.2,5
S3-4a6d5ebfca,B,npm,deprecation_replacement,True,ok,sufficient,fixed,False,different_replacement,False,major_unsupported,minor_unsupported,0.0,5
S3-4bdf84f422,B,npm,deprecation_replacement,True,ok,sufficient,fixed,False,no_replacement,False,faithful,faithful,0.0,5
S3-4fd04cdf4e,B,npm,deprecation_replacement,True,ok,sufficient,fixed,False,no_replacement,False,faithful,faithful,0.0,5
S3-539298bc48,B,npm,deprecation_replacement,True,ok,sufficient,fixed,False,no_replacement,False,faithful,faithful,0.3333333333333333,3
S3-53c1247d7f,B,npm,deprecation_replacement,True,ok,sufficient,fixed,False,no_replacement,False,major_unsupported,minor_unsupported,0.0,1
S3-54572f7c11,B,npm,deprecation_replacement,True,ok,sufficient,fixed,False,no_replacement,False,faithful,faithful,0.0,5
S3-581f141798,B,npm,deprecation_replacement,True,ok,sufficient,fixed,True,successor_named,False,faithful,faithful,0.2,5
S3-643a67e076,B,npm,deprecation_replacement,True,ok,sufficient,fixed,True,successor_named,False,faithful,faithful,0.0,5
S3-674aa7890d,B,npm,deprecation_replacement,True,ok,sufficient,fixed,False,no_replacement,False,faithful,faithful,0.0,5
S3-733cf68b45,B,npm,deprecation_replacement,True,ok,sufficient,fixed,True,successor_named,False,major_unsupported,minor_unsupported,0.0,5
S3-8829e2b1e8,B,npm,deprecation_replacement,True,ok,sufficient,fixed,False,no_replacement,False,major_unsupported,minor_unsupported,0.0,5
S3-88c845b9c6,B,npm,deprecation_replacement,True,ok,sufficient,fixed,True,successor_named,False,faithful,faithful,,
S3-9925cf8712,B,npm,deprecation_replacement,True,ok,sufficient,fixed,True,successor_named,False,faithful,faithful,0.0,5
S3-ac7b8627fc,B,npm,deprecation_replacement,True,ok,sufficient,fixed,False,no_replacement,False,faithful,faithful,0.0,5
S3-acb8ba6c19,B,npm,deprecation_replacement,True,ok,sufficient,fixed,True,successor_named,False,faithful,faithful,0.0,5
S3-b21b41321f,B,npm,deprecation_replacement,True,ok,sufficient,fixed,True,successor_named,False,faithful,faithful,0.0,5
S3-b631eaa95d,B,npm,deprecation_replacement,True,ok,sufficient,fixed,True,successor_named,False,faithful,faithful,0.0,5
S3-bddf1c8e9f,B,npm,deprecation_replacement,True,ok,sufficient,fixed,False,no_replacement,False,faithful,faithful,0.0,5
S3-c453a5f2ff,B,npm,deprecation_replacement,True,ok,sufficient,fixed,False,no_replacement,False,faithful,faithful,0.0,5
S3-c544684c9b,B,npm,deprecation_replacement,True,ok,sufficient,fixed,True,successor_named,False,faithful,faithful,0.0,5
S3-cc10901c43,B,npm,deprecation_replacement,True,ok,sufficient,fixed,False,no_replacement,False,faithful,faithful,0.0,1
S3-d3efd8136c,B,npm,deprecation_replacement,True,ok,sufficient,fixed,True,successor_named,False,faithful,faithful,0.0,4
S3-d9fd8e9766,B,npm,deprecation_replacement,True,ok,sufficient,fixed,True,successor_named,False,faithful,faithful,0.4,5
S3-e3faec9463,B,npm,deprecation_replacement,True,ok,sufficient,fixed,True,successor_named,False,faithful,faithful,0.2,5
S3-e910a557e3,B,npm,deprecation_replacement,True,ok,sufficient,fixed,True,successor_named,False,faithful,faithful,0.0,5
S3-f2a66f59bc,B,npm,deprecation_replacement,True,ok,sufficient,fixed,True,successor_named,False,faithful,faithful,0.0,5
S3-fd77d1f262,B,npm,deprecation_replacement,True,ok,sufficient,fixed,True,successor_named,False,faithful,faithful,0.0,5
S3-025ccd1209,B,pypi,cve_fix,True,ok,sufficient,fixed,True,escapes_every_advisory,False,faithful,faithful,0.0,5
S3-03551af2a3,B,pypi,cve_fix,False,ok,sufficient,fixed,False,no_version,False,faithful,faithful,0.0,5
S3-04ab73079a,B,pypi,cve_fix,True,ok,sufficient,fixed,True,escapes_every_advisory,False,minor_unsupported,minor_unsupported,0.0,5
S3-07c8c4e420,B,pypi,cve_fix,True,ok,sufficient,fixed,True,escapes_every_advisory,False,faithful,faithful,0.0,5
S3-08c7332aa8,B,pypi,cve_fix,True,ok,sufficient,fixed,True,escapes_every_advisory,False,faithful,faithful,0.0,5
S3-0ae1581e49,B,pypi,cve_fix,True,ok,sufficient,fixed,True,escapes_every_advisory,False,faithful,faithful,0.0,5
S3-0bde55d926,B,pypi,cve_fix,True,ok,sufficient,fixed,True,escapes_every_advisory,False,faithful,faithful,0.0,5
S3-0cb3ea2cb6,B,pypi,cve_fix,True,ok,sufficient,fixed,True,escapes_every_advisory,False,faithful,faithful,0.2,5
S3-204a9be602,B,pypi,cve_fix,True,ok,sufficient,fixed,False,no_version,False,faithful,faithful,0.0,5
S3-20ecb69394,B,pypi,cve_fix,True,ok,sufficient,fixed,True,escapes_every_advisory,False,faithful,faithful,0.0,5
S3-2156d7d3df,B,pypi,cve_fix,True,ok,sufficient,fixed,True,escapes_every_advisory,False,faithful,faithful,0.0,5
S3-22651abc2e,B,pypi,cve_fix,True,ok,sufficient,fixed,True,escapes_every_advisory,False,faithful,faithful,0.0,5
S3-2281f5f608,B,pypi,cve_fix,True,ok,sufficient,fixed,True,escapes_every_advisory,False,faithful,faithful,0.0,5
S3-22d0f2175e,B,pypi,cve_fix,True,ok,sufficient,fixed,True,escapes_every_advisory,False,faithful,faithful,0.0,3
S3-24e78b5bf6,B,pypi,cve_fix,True,ok,sufficient,fixed,False,no_version,False,faithful,faithful,0.0,1
S3-2b4d085daa,B,pypi,cve_fix,True,ok,sufficient,fixed,True,escapes_every_advisory,False,minor_unsupported,faithful,0.0,5
S3-2b74750370,B,pypi,cve_fix,True,ok,sufficient,fixed,True,escapes_every_advisory,False,minor_unsupported,minor_unsupported,0.0,5
S3-2b7680909a,B,pypi,cve_fix,False,ok,sufficient,fixed,False,still_affected_or_not_an_upgrade,False,faithful,faithful,0.0,5
S3-2d0570dcfb,B,pypi,cve_fix,True,ok,sufficient,fixed,True,escapes_every_advisory,False,faithful,faithful,0.0,1
S3-2faf984e89,B,pypi,cve_fix,True,ok,sufficient,fixed,True,escapes_every_advisory,False,faithful,faithful,0.0,5
S3-30377b9065,B,pypi,cve_fix,True,ok,sufficient,fixed,True,escapes_every_advisory,False,faithful,faithful,0.0,1
S3-323b773685,B,pypi,cve_fix,True,ok,sufficient,fixed,True,escapes_every_advisory,False,faithful,faithful,0.0,2
S3-3d370b0b24,B,pypi,cve_fix,True,ok,sufficient,fixed,True,escapes_every_advisory,False,faithful,faithful,0.0,5
S3-3dc2ebde9f,B,pypi,cve_fix,True,ok,sufficient,fixed,True,escapes_every_advisory,False,faithful,faithful,0.0,5
S3-3e98984ff0,B,pypi,cve_fix,True,ok,sufficient,fixed,True,escapes_every_advisory,False,faithful,faithful,0.0,5
S3-3fed89b648,B,pypi,cve_fix,True,ok,sufficient,fixed,True,escapes_every_advisory,False,faithful,faithful,0.2,5
S3-40264f4636,B,pypi,cve_fix,True,ok,sufficient,fixed,True,escapes_every_advisory,False,faithful,faithful,0.0,5
S3-445c626457,B,pypi,cve_fix,False,ok,sufficient,fixed,True,escapes_every_advisory,False,faithful,faithful,0.0,5
S3-45c2ef2c7b,B,pypi,cve_fix,True,ok,sufficient,fixed,True,escapes_every_advisory,False,faithful,faithful,0.2,5
S3-4827bfc6cf,B,pypi,cve_fix,True,ok,sufficient,fixed,True,escapes_every_advisory,False,faithful,faithful,0.0,5
S3-4e603f6378,B,pypi,cve_fix,True,ok,sufficient,fixed,True,escapes_every_advisory,False,faithful,faithful,0.0,5
S3-4e626d8998,B,pypi,cve_fix,True,ok,sufficient,fixed,True,escapes_every_advisory,False,faithful,faithful,,
S3-5193297e81,B,pypi,cve_fix,True,ok,sufficient,fixed,True,escapes_every_advisory,False,faithful,faithful,0.0,5
S3-5b1e78f0cc,B,pypi,cve_fix,True,ok,sufficient,fixed,True,escapes_every_advisory,False,faithful,faithful,0.0,5
S3-61ffa06cc5,B,pypi,cve_fix,True,ok,sufficient,fixed,True,escapes_every_advisory,False,faithful,faithful,0.0,5
S3-64634cf4e6,B,pypi,cve_fix,True,ok,sufficient,fixed,True,escapes_every_advisory,False,faithful,faithful,0.0,3
S3-6b0cf81601,B,pypi,cve_fix,True,ok,sufficient,fixed,True,escapes_every_advisory,False,faithful,faithful,0.0,3
S3-71b80f8812,B,pypi,cve_fix,True,ok,sufficient,fixed,True,escapes_every_advisory,False,faithful,faithful,0.0,5
S3-73497b2116,B,pypi,cve_fix,True,ok,sufficient,fixed,True,escapes_every_advisory,False,faithful,faithful,0.0,5
S3-7b38c84e82,B,pypi,cve_fix,True,ok,sufficient,fixed,True,escapes_every_advisory,False,faithful,faithful,0.0,4
S3-7b3ac993fc,B,pypi,cve_fix,True,ok,sufficient,fixed,True,escapes_every_advisory,False,faithful,faithful,,
S3-7b45771871,B,pypi,cve_fix,False,ok,sufficient,fixed,True,escapes_every_advisory,False,faithful,faithful,0.0,5
S3-7c63708478,B,pypi,cve_fix,True,ok,sufficient,fixed,True,escapes_every_advisory,False,faithful,faithful,0.0,5
S3-8067a7f10e,B,pypi,cve_fix,False,ok,sufficient,fixed,True,escapes_every_advisory,False,faithful,faithful,0.0,5
S3-808a8b7577,B,pypi,cve_fix,True,ok,sufficient,fixed,True,escapes_every_advisory,False,faithful,faithful,0.0,5
S3-809a44c5fa,B,pypi,cve_fix,True,ok,sufficient,fixed,True,escapes_every_advisory,False,minor_unsupported,minor_unsupported,0.0,3
S3-80c3a4d494,B,pypi,cve_fix,True,ok,sufficient,fixed,True,escapes_every_advisory,False,faithful,faithful,0.0,5
S3-8c4810b67f,B,pypi,cve_fix,False,ok,sufficient,fixed,False,still_affected_or_not_an_upgrade,False,faithful,faithful,0.0,5
S3-8e707fdf02,B,pypi,cve_fix,True,ok,sufficient,fixed,False,no_version,False,faithful,faithful,,
S3-8e9233526f,B,pypi,cve_fix,True,ok,sufficient,fixed,True,escapes_every_advisory,False,faithful,faithful,0.0,5
S3-911ca75ebc,B,pypi,cve_fix,True,ok,sufficient,fixed,True,escapes_every_advisory,False,faithful,faithful,0.0,5
S3-92b604c417,B,pypi,cve_fix,True,ok,sufficient,fixed,False,no_version,False,faithful,faithful,0.2,5
S3-9e35f9721a,B,pypi,cve_fix,False,ok,sufficient,fixed,True,escapes_every_advisory,False,faithful,faithful,0.0,5
S3-9e5520c8fa,B,pypi,cve_fix,True,ok,sufficient,fixed,True,escapes_every_advisory,False,faithful,faithful,0.0,5
S3-9fa5ff1c2b,B,pypi,cve_fix,True,ok,sufficient,fixed,True,escapes_every_advisory,False,faithful,faithful,0.0,5
S3-a183118b31,B,pypi,cve_fix,True,ok,sufficient,fixed,True,escapes_every_advisory,False,faithful,faithful,0.0,5
S3-a1f59fbead,B,pypi,cve_fix,True,ok,sufficient,fixed,True,escapes_every_advisory,False,faithful,faithful,0.0,1
S3-aa26e6437e,B,pypi,cve_fix,False,ok,sufficient,fixed,False,still_affected_or_not_an_upgrade,False,faithful,faithful,0.0,5
S3-b162848ff5,B,pypi,cve_fix,False,ok,sufficient,fixed,True,escapes_every_advisory,False,faithful,faithful,0.0,5
S3-b54188ec1c,B,pypi,cve_fix,True,ok,sufficient,fixed,True,escapes_every_advisory,False,faithful,faithful,0.0,5
S3-b678c221d0,B,pypi,cve_fix,True,ok,sufficient,fixed,True,escapes_every_advisory,False,minor_unsupported,faithful,0.0,5
S3-b9b0fe1996,B,pypi,cve_fix,True,ok,sufficient,fixed,True,escapes_every_advisory,False,faithful,faithful,0.0,5
S3-ba55791b24,B,pypi,cve_fix,True,ok,sufficient,fixed,True,escapes_every_advisory,False,faithful,faithful,0.0,5
S3-bbb45f2c54,B,pypi,cve_fix,False,ok,sufficient,fixed,True,escapes_every_advisory,False,faithful,faithful,0.0,5
S3-bd8ec06a72,B,pypi,cve_fix,True,ok,sufficient,fixed,True,escapes_every_advisory,False,faithful,faithful,0.0,1
S3-bea3ec84cc,B,pypi,cve_fix,True,ok,sufficient,fixed,True,escapes_every_advisory,False,faithful,faithful,0.0,5
S3-c0b2b3380f,B,pypi,cve_fix,False,ok,sufficient,fixed,True,escapes_every_advisory,False,faithful,faithful,0.0,5
S3-c16432766d,B,pypi,cve_fix,False,ok,sufficient,fixed,True,escapes_every_advisory,False,faithful,faithful,0.0,5
S3-c53196bd12,B,pypi,cve_fix,True,ok,sufficient,fixed,True,escapes_every_advisory,False,faithful,faithful,0.0,5
S3-c694c380f5,B,pypi,cve_fix,True,ok,sufficient,fixed,True,escapes_every_advisory,False,faithful,faithful,0.0,5
S3-d3923a72e3,B,pypi,cve_fix,True,ok,sufficient,fixed,False,still_affected_or_not_an_upgrade,False,faithful,faithful,0.2,5
S3-eb144795bd,B,pypi,cve_fix,False,ok,sufficient,fixed,True,escapes_every_advisory,False,faithful,faithful,0.0,5
S3-ec5a85dec1,B,pypi,cve_fix,True,ok,sufficient,fixed,True,escapes_every_advisory,False,faithful,faithful,0.0,4
S3-f235fea69c,B,pypi,cve_fix,False,ok,sufficient,fixed,True,escapes_every_advisory,False,faithful,faithful,0.0,2
S3-fd66e0b6e7,B,pypi,cve_fix,True,ok,sufficient,fixed,True,escapes_every_advisory,False,faithful,faithful,0.0,5
S3-178e81dd68,C,npm,cve_fix,True,ok,sufficient,no_reason,True,escapes_every_advisory,False,faithful,faithful,0.0,5
S3-196bee2a82,C,npm,cve_fix,True,ok,sufficient,no_reason,True,escapes_every_advisory,False,faithful,faithful,0.0,5
S3-2344c2d5f0,C,npm,cve_fix,True,ok,sufficient,no_reason,False,still_affected_or_not_an_upgrade,False,major_unsupported,minor_unsupported,0.0,5
S3-26aeb41ab4,C,npm,cve_fix,False,ok,sufficient,no_reason,False,still_affected_or_not_an_upgrade,False,faithful,faithful,0.0,5
S3-39288fb7e1,C,npm,cve_fix,True,ok,sufficient,no_reason,True,escapes_every_advisory,False,faithful,faithful,0.0,2
S3-3962e7e622,C,npm,cve_fix,True,ok,low,reason_available,False,not_an_upgrade,True,faithful,faithful,0.0,5
S3-3e2b9e4f48,C,npm,cve_fix,True,ok,sufficient,no_reason,True,escapes_every_advisory,False,faithful,faithful,0.0,5
S3-44195a8d92,C,npm,cve_fix,True,ok,sufficient,no_reason,False,still_affected_or_not_an_upgrade,False,faithful,faithful,0.2,5
S3-49a3654b5d,C,npm,cve_fix,True,ok,sufficient,no_reason,True,escapes_every_advisory,False,faithful,faithful,0.0,5
S3-4ab3cb3a24,C,npm,cve_fix,True,ok,sufficient,no_reason,True,escapes_every_advisory,False,faithful,faithful,0.0,5
S3-4f2d7583a9,C,npm,cve_fix,True,ok,low,reason_available,True,escapes_every_advisory,True,faithful,faithful,,
S3-502866d352,C,npm,cve_fix,False,ok,sufficient,no_reason,False,still_affected_or_not_an_upgrade,False,faithful,faithful,0.0,5
S3-60d098c607,C,npm,cve_fix,False,ok,sufficient,no_reason,False,still_affected_or_not_an_upgrade,False,faithful,faithful,0.0,5
S3-6c0b1b3cb5,C,npm,cve_fix,True,ok,sufficient,no_reason,True,escapes_every_advisory,False,faithful,faithful,0.0,5
S3-722d700af5,C,npm,cve_fix,True,ok,sufficient,no_reason,True,escapes_every_advisory,False,faithful,faithful,0.0,5
S3-757d405323,C,npm,cve_fix,True,ok,sufficient,no_reason,True,escapes_every_advisory,False,faithful,faithful,0.0,5
S3-7757cfdf69,C,npm,cve_fix,False,ok,sufficient,no_reason,True,escapes_every_advisory,False,faithful,faithful,0.0,5
S3-7d74a29656,C,npm,cve_fix,True,ok,sufficient,no_reason,True,escapes_every_advisory,False,faithful,faithful,0.0,5
S3-8594fe0d64,C,npm,cve_fix,True,ok,low,reason_available,False,not_an_upgrade,True,faithful,faithful,0.2,5
S3-9981e7a365,C,npm,cve_fix,True,ok,sufficient,no_reason,False,still_affected_or_not_an_upgrade,False,faithful,faithful,0.0,5
S3-a078012751,C,npm,cve_fix,True,ok,sufficient,no_reason,True,escapes_every_advisory,False,faithful,faithful,0.0,5
S3-a122ba6834,C,npm,cve_fix,True,ok,sufficient,no_reason,True,escapes_every_advisory,False,faithful,faithful,0.0,5
S3-a5ac245b50,C,npm,cve_fix,True,ok,sufficient,no_reason,True,escapes_every_advisory,False,faithful,faithful,0.0,5
S3-aad1080e67,C,npm,cve_fix,False,ok,sufficient,no_reason,True,escapes_every_advisory,False,faithful,faithful,0.0,5
S3-ac82bbe1f5,C,npm,cve_fix,True,ok,low,no_reason,True,escapes_every_advisory,True,faithful,faithful,,
S3-b40e294636,C,npm,cve_fix,True,ok,sufficient,no_reason,True,escapes_every_advisory,False,faithful,faithful,0.2,5
S3-c030612877,C,npm,cve_fix,False,ok,sufficient,no_reason,True,escapes_every_advisory,False,faithful,faithful,0.0,5
S3-c93a30ebf5,C,npm,cve_fix,True,ok,sufficient,reason_available,True,escapes_every_advisory,False,faithful,faithful,0.0,5
S3-cd4e25457f,C,npm,cve_fix,True,ok,low,no_reason,True,escapes_every_advisory,True,faithful,faithful,0.0,1
S3-d554e71610,C,npm,cve_fix,False,ok,sufficient,reason_available,False,still_affected_or_not_an_upgrade,False,faithful,faithful,0.0,5
S3-eb0296adc8,C,npm,cve_fix,True,ok,sufficient,no_reason,False,still_affected_or_not_an_upgrade,False,faithful,faithful,0.0,5
S3-f2aba40384,C,npm,cve_fix,True,ok,sufficient,no_reason,True,escapes_every_advisory,False,faithful,faithful,0.0,5
S3-f2c331b76a,C,npm,cve_fix,True,ok,sufficient,no_reason,False,still_affected_or_not_an_upgrade,False,faithful,faithful,0.0,5
S3-f39c7e4573,C,npm,cve_fix,True,ok,sufficient,no_reason,True,escapes_every_advisory,False,faithful,faithful,0.0,5
S3-f3c8926506,C,npm,cve_fix,False,ok,sufficient,no_reason,False,still_affected_or_not_an_upgrade,False,faithful,faithful,0.0,5
S3-f494cec6d9,C,npm,cve_fix,True,ok,sufficient,no_reason,True,escapes_every_advisory,False,faithful,faithful,0.0,5
S3-fef0c182ca,C,npm,cve_fix,True,ok,sufficient,no_reason,False,still_affected_or_not_an_upgrade,False,faithful,faithful,0.0,5
S3-078563ef49,C,npm,deprecation_replacement,True,ok,sufficient,reason_available,True,successor_named,False,faithful,faithful,0.0,5
S3-07e91951e7,C,npm,deprecation_replacement,True,ok,sufficient,reason_available,True,successor_named,False,faithful,faithful,0.0,5
S3-16c5294fad,C,npm,deprecation_replacement,True,ok,sufficient,reason_available,True,successor_named,False,major_unsupported,minor_unsupported,0.0,5
S3-19569886c0,C,npm,deprecation_replacement,True,ok,sufficient,reason_available,True,successor_named,False,faithful,faithful,0.0,5
S3-211276731e,C,npm,deprecation_replacement,True,ok,low,reason_available,True,successor_named,True,faithful,faithful,,
S3-25aa5ff6aa,C,npm,deprecation_replacement,True,ok,sufficient,reason_available,True,successor_named,False,faithful,faithful,0.2,5
S3-27dc6e9349,C,npm,deprecation_replacement,True,ok,sufficient,reason_available,False,no_replacement,False,faithful,faithful,0.0,5
S3-30835ec6e2,C,npm,deprecation_replacement,True,ok,sufficient,reason_available,True,successor_named,False,faithful,faithful,0.0,5
S3-351c1d1201,C,npm,deprecation_replacement,True,ok,sufficient,reason_available,True,successor_named,False,faithful,faithful,0.0,5
S3-3c6f498657,C,npm,deprecation_replacement,True,ok,sufficient,reason_available,True,successor_named,False,faithful,faithful,0.0,5
S3-409e91c326,C,npm,deprecation_replacement,True,ok,sufficient,reason_available,True,successor_named,False,major_unsupported,minor_unsupported,0.2,5
S3-4a6d5ebfca,C,npm,deprecation_replacement,True,ok,sufficient,reason_available,True,successor_named,False,faithful,faithful,0.0,5
S3-4bdf84f422,C,npm,deprecation_replacement,True,ok,sufficient,reason_available,True,successor_named,False,faithful,faithful,0.0,5
S3-4fd04cdf4e,C,npm,deprecation_replacement,True,ok,sufficient,reason_available,True,successor_named,False,faithful,faithful,0.0,5
S3-539298bc48,C,npm,deprecation_replacement,True,ok,sufficient,reason_available,True,successor_named,False,faithful,faithful,0.3333333333333333,3
S3-53c1247d7f,C,npm,deprecation_replacement,True,ok,low,reason_available,False,no_replacement,True,faithful,faithful,0.0,1
S3-54572f7c11,C,npm,deprecation_replacement,True,ok,sufficient,reason_available,True,successor_named,False,faithful,faithful,0.0,5
S3-581f141798,C,npm,deprecation_replacement,True,ok,sufficient,reason_available,True,successor_named,False,faithful,faithful,0.2,5
S3-643a67e076,C,npm,deprecation_replacement,True,ok,sufficient,reason_available,True,successor_named,False,faithful,faithful,0.0,5
S3-674aa7890d,C,npm,deprecation_replacement,True,ok,sufficient,reason_available,True,successor_named,False,faithful,faithful,0.0,5
S3-733cf68b45,C,npm,deprecation_replacement,True,ok,sufficient,reason_available,True,successor_named,False,major_unsupported,minor_unsupported,0.0,5
S3-8829e2b1e8,C,npm,deprecation_replacement,True,ok,sufficient,reason_available,True,successor_named,False,major_unsupported,minor_unsupported,0.0,5
S3-88c845b9c6,C,npm,deprecation_replacement,True,ok,low,reason_available,True,successor_named,True,faithful,faithful,,
S3-9925cf8712,C,npm,deprecation_replacement,True,ok,sufficient,reason_available,False,no_replacement,False,faithful,faithful,0.0,5
S3-ac7b8627fc,C,npm,deprecation_replacement,True,ok,sufficient,reason_available,False,no_replacement,False,faithful,faithful,0.0,5
S3-acb8ba6c19,C,npm,deprecation_replacement,True,ok,sufficient,reason_available,True,successor_named,False,faithful,faithful,0.0,5
S3-b21b41321f,C,npm,deprecation_replacement,True,ok,sufficient,reason_available,True,successor_named,False,faithful,faithful,0.0,5
S3-b631eaa95d,C,npm,deprecation_replacement,True,ok,sufficient,reason_available,True,successor_named,False,faithful,faithful,0.0,5
S3-bddf1c8e9f,C,npm,deprecation_replacement,True,ok,sufficient,reason_available,True,successor_named,False,faithful,faithful,0.0,5
S3-c453a5f2ff,C,npm,deprecation_replacement,True,ok,sufficient,reason_available,True,successor_named,False,faithful,faithful,0.0,5
S3-c544684c9b,C,npm,deprecation_replacement,True,ok,sufficient,reason_available,True,successor_named,False,faithful,faithful,0.2,5
S3-cc10901c43,C,npm,deprecation_replacement,True,ok,low,reason_available,False,no_replacement,True,faithful,faithful,0.0,1
S3-d3efd8136c,C,npm,deprecation_replacement,True,ok,sufficient,reason_available,True,successor_named,False,minor_unsupported,minor_unsupported,0.0,4
S3-d9fd8e9766,C,npm,deprecation_replacement,True,ok,sufficient,reason_available,True,successor_named,False,faithful,faithful,0.6,5
S3-e3faec9463,C,npm,deprecation_replacement,True,ok,sufficient,reason_available,True,successor_named,False,faithful,faithful,0.2,5
S3-e910a557e3,C,npm,deprecation_replacement,True,ok,sufficient,reason_available,True,successor_named,False,faithful,faithful,0.0,5
S3-f2a66f59bc,C,npm,deprecation_replacement,True,ok,sufficient,reason_available,True,successor_named,False,faithful,faithful,0.0,5
S3-fd77d1f262,C,npm,deprecation_replacement,True,ok,sufficient,reason_available,True,successor_named,False,faithful,faithful,0.0,5
S3-025ccd1209,C,pypi,cve_fix,True,ok,sufficient,no_reason,True,escapes_every_advisory,False,faithful,faithful,0.0,5
S3-03551af2a3,C,pypi,cve_fix,False,ok,sufficient,no_reason,False,still_affected_or_not_an_upgrade,False,faithful,faithful,0.0,5
S3-04ab73079a,C,pypi,cve_fix,True,ok,sufficient,no_reason,True,escapes_every_advisory,False,faithful,faithful,0.0,5
S3-07c8c4e420,C,pypi,cve_fix,True,ok,sufficient,no_reason,True,escapes_every_advisory,False,faithful,faithful,0.0,5
S3-08c7332aa8,C,pypi,cve_fix,True,ok,sufficient,no_reason,True,escapes_every_advisory,False,faithful,faithful,0.0,5
S3-0ae1581e49,C,pypi,cve_fix,True,ok,sufficient,no_reason,False,still_affected_or_not_an_upgrade,False,faithful,faithful,0.0,5
S3-0bde55d926,C,pypi,cve_fix,True,ok,sufficient,no_reason,True,escapes_every_advisory,False,faithful,faithful,0.0,5
S3-0cb3ea2cb6,C,pypi,cve_fix,True,ok,sufficient,reason_available,False,not_an_upgrade,False,major_unsupported,minor_unsupported,0.0,5
S3-204a9be602,C,pypi,cve_fix,True,ok,sufficient,no_reason,True,escapes_every_advisory,False,faithful,faithful,0.0,5
S3-20ecb69394,C,pypi,cve_fix,True,ok,sufficient,no_reason,True,escapes_every_advisory,False,faithful,faithful,0.0,5
S3-2156d7d3df,C,pypi,cve_fix,True,ok,sufficient,no_reason,True,escapes_every_advisory,False,faithful,faithful,0.0,5
S3-22651abc2e,C,pypi,cve_fix,True,ok,sufficient,no_reason,True,escapes_every_advisory,False,faithful,faithful,0.0,5
S3-2281f5f608,C,pypi,cve_fix,True,ok,sufficient,no_reason,True,escapes_every_advisory,False,faithful,faithful,0.0,5
S3-22d0f2175e,C,pypi,cve_fix,True,ok,sufficient,no_reason,False,still_affected_or_not_an_upgrade,False,faithful,faithful,0.0,3
S3-24e78b5bf6,C,pypi,cve_fix,True,ok,sufficient,no_reason,True,escapes_every_advisory,False,faithful,faithful,0.0,1
S3-2b4d085daa,C,pypi,cve_fix,True,ok,sufficient,no_reason,False,still_affected_or_not_an_upgrade,False,faithful,faithful,0.0,5
S3-2b74750370,C,pypi,cve_fix,True,ok,sufficient,no_reason,True,escapes_every_advisory,False,faithful,faithful,0.0,5
S3-2b7680909a,C,pypi,cve_fix,False,ok,sufficient,no_reason,False,still_affected_or_not_an_upgrade,False,major_unsupported,minor_unsupported,0.0,5
S3-2d0570dcfb,C,pypi,cve_fix,True,ok,sufficient,no_reason,True,escapes_every_advisory,False,faithful,faithful,0.0,1
S3-2faf984e89,C,pypi,cve_fix,True,ok,sufficient,no_reason,True,escapes_every_advisory,False,faithful,faithful,0.0,5
S3-30377b9065,C,pypi,cve_fix,True,ok,sufficient,no_reason,True,escapes_every_advisory,False,faithful,faithful,0.0,1
S3-323b773685,C,pypi,cve_fix,True,ok,sufficient,no_reason,False,still_affected_or_not_an_upgrade,False,faithful,faithful,0.0,2
S3-3d370b0b24,C,pypi,cve_fix,True,ok,sufficient,no_reason,True,escapes_every_advisory,False,faithful,faithful,0.0,5
S3-3dc2ebde9f,C,pypi,cve_fix,True,ok,sufficient,no_reason,True,escapes_every_advisory,False,faithful,faithful,0.0,5
S3-3e98984ff0,C,pypi,cve_fix,True,ok,sufficient,no_reason,True,escapes_every_advisory,False,minor_unsupported,minor_unsupported,0.0,5
S3-3fed89b648,C,pypi,cve_fix,True,ok,sufficient,no_reason,False,still_affected_or_not_an_upgrade,False,faithful,faithful,0.2,5
S3-40264f4636,C,pypi,cve_fix,True,ok,sufficient,no_reason,False,still_affected_or_not_an_upgrade,False,major_unsupported,minor_unsupported,0.2,5
S3-445c626457,C,pypi,cve_fix,False,ok,sufficient,no_reason,False,still_affected_or_not_an_upgrade,False,faithful,faithful,0.0,5
S3-45c2ef2c7b,C,pypi,cve_fix,True,ok,sufficient,no_reason,False,still_affected_or_not_an_upgrade,False,major_unsupported,minor_unsupported,0.4,5
S3-4827bfc6cf,C,pypi,cve_fix,True,ok,sufficient,no_reason,True,escapes_every_advisory,False,faithful,faithful,0.0,5
S3-4e603f6378,C,pypi,cve_fix,True,ok,sufficient,no_reason,False,still_affected_or_not_an_upgrade,False,faithful,faithful,0.0,5
S3-4e626d8998,C,pypi,cve_fix,True,ok,low,no_reason,True,escapes_every_advisory,True,faithful,faithful,,
S3-5193297e81,C,pypi,cve_fix,True,ok,sufficient,no_reason,True,escapes_every_advisory,False,faithful,faithful,0.0,5
S3-5b1e78f0cc,C,pypi,cve_fix,True,ok,sufficient,no_reason,True,escapes_every_advisory,False,faithful,faithful,0.0,5
S3-61ffa06cc5,C,pypi,cve_fix,True,ok,sufficient,no_reason,False,still_affected_or_not_an_upgrade,False,faithful,faithful,0.0,5
S3-64634cf4e6,C,pypi,cve_fix,True,ok,sufficient,no_reason,True,escapes_every_advisory,False,faithful,faithful,0.0,3
S3-6b0cf81601,C,pypi,cve_fix,True,ok,sufficient,no_reason,True,escapes_every_advisory,False,faithful,faithful,0.0,3
S3-71b80f8812,C,pypi,cve_fix,True,ok,sufficient,no_reason,True,escapes_every_advisory,False,faithful,faithful,0.0,5
S3-73497b2116,C,pypi,cve_fix,True,ok,sufficient,no_reason,False,still_affected_or_not_an_upgrade,False,faithful,faithful,0.0,5
S3-7b38c84e82,C,pypi,cve_fix,True,ok,sufficient,no_reason,True,escapes_every_advisory,False,minor_unsupported,minor_unsupported,0.0,4
S3-7b3ac993fc,C,pypi,cve_fix,True,ok,low,no_reason,True,escapes_every_advisory,True,faithful,faithful,,
S3-7b45771871,C,pypi,cve_fix,False,ok,sufficient,no_reason,False,still_affected_or_not_an_upgrade,False,faithful,faithful,0.0,5
S3-7c63708478,C,pypi,cve_fix,True,ok,sufficient,no_reason,True,escapes_every_advisory,False,faithful,faithful,0.0,5
S3-8067a7f10e,C,pypi,cve_fix,False,ok,sufficient,no_reason,False,still_affected_or_not_an_upgrade,False,faithful,faithful,0.0,5
S3-808a8b7577,C,pypi,cve_fix,True,ok,sufficient,no_reason,True,escapes_every_advisory,False,faithful,faithful,0.0,5
S3-809a44c5fa,C,pypi,cve_fix,True,ok,sufficient,no_reason,True,escapes_every_advisory,False,faithful,faithful,0.0,3
S3-80c3a4d494,C,pypi,cve_fix,True,ok,sufficient,no_reason,True,escapes_every_advisory,False,faithful,faithful,0.0,5
S3-8c4810b67f,C,pypi,cve_fix,False,ok,sufficient,no_reason,False,still_affected_or_not_an_upgrade,False,faithful,faithful,0.0,5
S3-8e707fdf02,C,pypi,cve_fix,True,ok,low,no_reason,True,escapes_every_advisory,True,faithful,faithful,,
S3-8e9233526f,C,pypi,cve_fix,True,ok,sufficient,no_reason,True,escapes_every_advisory,False,faithful,faithful,0.0,5
S3-911ca75ebc,C,pypi,cve_fix,True,ok,sufficient,no_reason,False,still_affected_or_not_an_upgrade,False,minor_unsupported,minor_unsupported,0.0,5
S3-92b604c417,C,pypi,cve_fix,True,ok,sufficient,no_reason,False,still_affected_or_not_an_upgrade,False,faithful,faithful,0.0,5
S3-9e35f9721a,C,pypi,cve_fix,False,ok,sufficient,no_reason,False,still_affected_or_not_an_upgrade,False,faithful,faithful,0.0,5
S3-9e5520c8fa,C,pypi,cve_fix,True,ok,sufficient,no_reason,False,still_affected_or_not_an_upgrade,False,major_unsupported,minor_unsupported,0.0,5
S3-9fa5ff1c2b,C,pypi,cve_fix,True,ok,sufficient,no_reason,True,escapes_every_advisory,False,major_unsupported,minor_unsupported,0.0,5
S3-a183118b31,C,pypi,cve_fix,True,ok,sufficient,no_reason,True,escapes_every_advisory,False,faithful,faithful,0.0,5
S3-a1f59fbead,C,pypi,cve_fix,True,ok,sufficient,no_reason,True,escapes_every_advisory,False,faithful,faithful,0.0,1
S3-aa26e6437e,C,pypi,cve_fix,False,ok,sufficient,no_reason,False,still_affected_or_not_an_upgrade,False,faithful,faithful,0.0,5
S3-b162848ff5,C,pypi,cve_fix,False,ok,sufficient,no_reason,False,still_affected_or_not_an_upgrade,False,faithful,faithful,0.0,5
S3-b54188ec1c,C,pypi,cve_fix,True,ok,sufficient,no_reason,True,escapes_every_advisory,False,faithful,faithful,0.0,5
S3-b678c221d0,C,pypi,cve_fix,True,ok,sufficient,no_reason,False,still_affected_or_not_an_upgrade,False,major_unsupported,minor_unsupported,0.0,5
S3-b9b0fe1996,C,pypi,cve_fix,True,ok,sufficient,no_reason,True,escapes_every_advisory,False,faithful,faithful,0.0,5
S3-ba55791b24,C,pypi,cve_fix,True,ok,sufficient,no_reason,True,escapes_every_advisory,False,faithful,faithful,0.0,5
S3-bbb45f2c54,C,pypi,cve_fix,False,ok,sufficient,no_reason,False,still_affected_or_not_an_upgrade,False,faithful,faithful,0.0,5
S3-bd8ec06a72,C,pypi,cve_fix,True,ok,sufficient,no_reason,True,escapes_every_advisory,False,faithful,faithful,0.0,1
S3-bea3ec84cc,C,pypi,cve_fix,True,ok,sufficient,no_reason,True,escapes_every_advisory,False,faithful,faithful,0.0,5
S3-c0b2b3380f,C,pypi,cve_fix,False,ok,sufficient,no_reason,False,still_affected_or_not_an_upgrade,False,faithful,faithful,0.0,5
S3-c16432766d,C,pypi,cve_fix,False,ok,sufficient,no_reason,False,no_version,False,faithful,faithful,0.0,5
S3-c53196bd12,C,pypi,cve_fix,True,ok,sufficient,no_reason,True,escapes_every_advisory,False,faithful,faithful,0.0,5
S3-c694c380f5,C,pypi,cve_fix,True,ok,sufficient,no_reason,True,escapes_every_advisory,False,minor_unsupported,faithful,0.0,5
S3-d3923a72e3,C,pypi,cve_fix,True,ok,sufficient,no_reason,False,still_affected_or_not_an_upgrade,False,minor_unsupported,minor_unsupported,0.2,5
S3-eb144795bd,C,pypi,cve_fix,False,ok,sufficient,no_reason,False,still_affected_or_not_an_upgrade,False,faithful,faithful,0.0,5
S3-ec5a85dec1,C,pypi,cve_fix,True,ok,sufficient,no_reason,False,still_affected_or_not_an_upgrade,False,faithful,faithful,0.0,4
S3-f235fea69c,C,pypi,cve_fix,False,ok,sufficient,no_reason,True,escapes_every_advisory,False,faithful,faithful,0.0,2
S3-fd66e0b6e7,C,pypi,cve_fix,True,ok,sufficient,no_reason,True,escapes_every_advisory,False,faithful,faithful,0.0,5
