version,group,class,repositories,of,share,weighted_share
v1,all,safe,273,914,0.298687,0.324410
v1,all,medium,143,914,0.156455,0.133579
v1,all,high_alert,498,914,0.544858,0.542011
v1,npm,safe,136,475,0.286316,0.318823
v1,npm,medium,38,475,0.080000,0.081836
v1,npm,high_alert,301,475,0.633684,0.599341
v1,pypi,safe,134,402,0.333333,0.354297
v1,pypi,medium,103,402,0.256219,0.206850
v1,pypi,high_alert,165,402,0.410448,0.438853
v1,mixed,safe,3,37,0.081081,0.085191
v1,mixed,medium,2,37,0.054054,0.089322
v1,mixed,high_alert,32,37,0.864865,0.825488
v2,all,safe,300,914,0.328228,0.343735
v2,all,medium,144,914,0.157549,0.147735
v2,all,high_alert,470,914,0.514223,0.508530
v2,npm,safe,135,475,0.284211,0.317284
v2,npm,medium,72,475,0.151579,0.150582
v2,npm,high_alert,268,475,0.564211,0.532133
v2,pypi,safe,162,402,0.402985,0.403305
v2,pypi,medium,70,402,0.174129,0.149408
v2,pypi,high_alert,170,402,0.422886,0.447288
v2,mixed,safe,3,37,0.081081,0.085191
v2,mixed,medium,2,37,0.054054,0.089322
v2,mixed,high_alert,32,37,0.864865,0.825488
