version,stratum,ecosystem,repositories,share_safe,share_medium,share_high_alert,weighted_share_safe,weighted_share_medium,weighted_share_high_alert,median_score,median_tail_share
v1,0,npm,0,0.000000,0.000000,0.000000,0.000000,0.000000,0.000000,,
v1,0,pypi,0,0.000000,0.000000,0.000000,0.000000,0.000000,0.000000,,
v1,1-5,npm,73,0.698630,0.123288,0.178082,0.713669,0.102188,0.184143,86.200000,0.155820
v1,1-5,pypi,134,0.679104,0.186567,0.134328,0.715886,0.159155,0.124959,86.145000,0.138946
v1,6-15,npm,147,0.346939,0.115646,0.537415,0.350565,0.122806,0.526629,46.490000,0.329987
v1,6-15,pypi,143,0.258741,0.307692,0.433566,0.294969,0.235316,0.469715,67.190000,0.346576
v1,16-40,npm,147,0.190476,0.047619,0.761905,0.208066,0.035833,0.756101,17.960000,0.393466
v1,16-40,pypi,94,0.063830,0.319149,0.617021,0.089024,0.246768,0.664208,33.545000,0.439373
v1,41-100,npm,83,0.072289,0.036145,0.891566,0.093305,0.053252,0.853444,0.000000,0.442786
v1,41-100,pypi,21,0.000000,0.190476,0.809524,0.000000,0.259402,0.740598,6.950000,0.462959
v1,101+,npm,25,0.000000,0.080000,0.920000,0.000000,0.120748,0.879252,0.000000,0.469887
v1,101+,pypi,10,0.000000,0.000000,1.000000,0.000000,0.000000,1.000000,0.710000,0.474659
v2,0,npm,0,0.000000,0.000000,0.000000,0.000000,0.000000,0.000000,,
v2,0,pypi,0,0.000000,0.000000,0.000000,0.000000,0.000000,0.000000,,
v2,1-5,npm,73,0.684932,0.219178,0.095890,0.704692,0.213077,0.082232,87.850000,0.167297
v2,1-5,pypi,134,0.776119,0.074627,0.149254,0.795369,0.074346,0.130285,89.490000,0.127088
v2,6-15,npm,147,0.346939,0.197279,0.455782,0.350565,0.180530,0.468905,55.730000,0.331166
v2,6-15,pypi,143,0.335664,0.216783,0.447552,0.341981,0.177628,0.480391,74.790000,0.338454
v2,16-40,npm,147,0.190476,0.129252,0.680272,0.208066,0.119046,0.672889,33.850000,0.386480
v2,16-40,pypi,94,0.106383,0.276596,0.617021,0.118817,0.208471,0.672711,19.680000,0.444129
v2,41-100,npm,83,0.072289,0.084337,0.843373,0.093305,0.083709,0.822987,16.160000,0.432999
v2,41-100,pypi,21,0.000000,0.142857,0.857143,0.000000,0.242968,0.757032,0.000000,0.470502
v2,101+,npm,25,0.000000,0.040000,0.960000,0.000000,0.119473,0.880527,11.550000,0.472464
v2,101+,pypi,10,0.000000,0.000000,1.000000,0.000000,0.000000,1.000000,0.000000,0.479312
