version,part,criterion,observed,passed
v1,G1,PyPI scores span ≥ 90 points,100.00 (402 repositories),True
v1,G1,every class ≥ 10% of PyPI repositories,safe 33.3% / medium 25.6% / high_alert 41.0%,True
v1,G1,every class ≥ 10% of PyPI repositories (sampling-weighted),safe 35.4% / medium 20.7% / high_alert 43.9%,True
v1,G2,"every PyPI known anchor ≥ Medium, seen at its version",5/5,True
v1,G3,stratum 1-5: both ecosystems populate ≥ 2 classes,"npm 3, PyPI 3 (n 73 / 134)",True
v1,G3,stratum 1-5: median tail share differs by ≤ 0.15,"npm 0.156, PyPI 0.139 (gap 0.017)",True
v1,G3,stratum 6-15: both ecosystems populate ≥ 2 classes,"npm 3, PyPI 3 (n 147 / 143)",True
v1,G3,stratum 6-15: median tail share differs by ≤ 0.15,"npm 0.330, PyPI 0.347 (gap 0.017)",True
v1,G3,stratum 16-40: both ecosystems populate ≥ 2 classes,"npm 3, PyPI 3 (n 147 / 94)",True
v1,G3,stratum 16-40: median tail share differs by ≤ 0.15,"npm 0.393, PyPI 0.439 (gap 0.046)",True
v1,G3,stratum 41-100: both ecosystems populate ≥ 2 classes,"npm 3, PyPI 2 (n 83 / 21)",True
v1,G3,stratum 41-100: median tail share differs by ≤ 0.15,"npm 0.443, PyPI 0.463 (gap 0.020)",True
v1,G3,at least one stratum with ≥ 15 repositories in each ecosystem,4 of 5 strata compared,True
v1,G3,score falls with assessed count in both ecosystems (rho < 0),"npm -0.645, PyPI -0.679",True
v2,G1,PyPI scores span ≥ 90 points,100.00 (402 repositories),True
v2,G1,every class ≥ 10% of PyPI repositories,safe 40.3% / medium 17.4% / high_alert 42.3%,True
v2,G1,every class ≥ 10% of PyPI repositories (sampling-weighted),safe 40.3% / medium 14.9% / high_alert 44.7%,True
v2,G2,"every PyPI known anchor ≥ Medium, seen at its version",5/5,True
v2,G3,stratum 1-5: both ecosystems populate ≥ 2 classes,"npm 3, PyPI 3 (n 73 / 134)",True
v2,G3,stratum 1-5: median tail share differs by ≤ 0.15,"npm 0.167, PyPI 0.127 (gap 0.040)",True
v2,G3,stratum 6-15: both ecosystems populate ≥ 2 classes,"npm 3, PyPI 3 (n 147 / 143)",True
v2,G3,stratum 6-15: median tail share differs by ≤ 0.15,"npm 0.331, PyPI 0.338 (gap 0.007)",True
v2,G3,stratum 16-40: both ecosystems populate ≥ 2 classes,"npm 3, PyPI 3 (n 147 / 94)",True
v2,G3,stratum 16-40: median tail share differs by ≤ 0.15,"npm 0.386, PyPI 0.444 (gap 0.058)",True
v2,G3,stratum 41-100: both ecosystems populate ≥ 2 classes,"npm 3, PyPI 2 (n 83 / 21)",True
v2,G3,stratum 41-100: median tail share differs by ≤ 0.15,"npm 0.433, PyPI 0.471 (gap 0.038)",True
v2,G3,at least one stratum with ≥ 15 repositories in each ecosystem,4 of 5 strata compared,True
v2,G3,score falls with assessed count in both ecosystems (rho < 0),"npm -0.590, PyPI -0.647",True
