condition,ecosystem,case_type,n,correct,rate,ci_low,ci_high
A,npm,cve_fix,5,5,1.000000,1.0,1.0
A,npm,deprecation_replacement,5,2,0.400000,0.0,0.8
A,npm,all,10,7,0.700000,0.4,1.0
A,pypi,cve_fix,10,9,0.900000,0.7,1.0
A,pypi,all,10,9,0.900000,0.7,1.0
B,npm,cve_fix,5,3,0.600000,0.2,1.0
B,npm,deprecation_replacement,5,3,0.600000,0.2,1.0
B,npm,all,10,6,0.600000,0.3,0.9
B,pypi,cve_fix,10,9,0.900000,0.7,1.0
B,pypi,all,10,9,0.900000,0.7,1.0
C,npm,cve_fix,5,3,0.600000,0.2,1.0
C,npm,deprecation_replacement,5,5,1.000000,1.0,1.0
C,npm,all,10,8,0.800000,0.5,1.0
C,pypi,cve_fix,10,7,0.700000,0.4,1.0
C,pypi,all,10,7,0.700000,0.4,1.0
