item_id,label,note
ITEM-001,PENDING,AWAITING PACKET
ITEM-002,PENDING,AWAITING PACKET
ITEM-003,PENDING,AWAITING PACKET
ITEM-004,PENDING,AWAITING PACKET
ITEM-005,PENDING,AWAITING PACKET
ITEM-006,PENDING,AWAITING PACKET
ITEM-007,PENDING,AWAITING PACKET
ITEM-008,PENDING,AWAITING PACKET
ITEM-009,PENDING,AWAITING PACKET
ITEM-010,PENDING,AWAITING PACKET
ITEM-011,PENDING,AWAITING PACKET
ITEM-012,PENDING,AWAITING PACKET
ITEM-013,PENDING,AWAITING PACKET
ITEM-014,PENDING,AWAITING PACKET
ITEM-015,PENDING,AWAITING PACKET
ITEM-016,PENDING,AWAITING PACKET
ITEM-017,PENDING,AWAITING PACKET
ITEM-018,PENDING,AWAITING PACKET
ITEM-019,PENDING,AWAITING PACKET
ITEM-020,PENDING,AWAITING PACKET
ITEM-021,PENDING,AWAITING PACKET
ITEM-022,PENDING,AWAITING PACKET
ITEM-023,PENDING,AWAITING PACKET
ITEM-024,PENDING,AWAITING PACKET
ITEM-025,PENDING,AWAITING PACKET
ITEM-026,PENDING,AWAITING PACKET
ITEM-027,PENDING,AWAITING PACKET
ITEM-028,PENDING,AWAITING PACKET
ITEM-029,PENDING,AWAITING PACKET
ITEM-030,PENDING,AWAITING PACKET
ITEM-031,PENDING,AWAITING PACKET
ITEM-032,PENDING,AWAITING PACKET
ITEM-033,PENDING,AWAITING PACKET
ITEM-034,PENDING,AWAITING PACKET
ITEM-035,PENDING,AWAITING PACKET
ITEM-036,PENDING,AWAITING PACKET
ITEM-037,PENDING,AWAITING PACKET
ITEM-038,PENDING,AWAITING PACKET
ITEM-039,PENDING,AWAITING PACKET
ITEM-040,PENDING,AWAITING PACKET
ITEM-041,PENDING,AWAITING PACKET
ITEM-042,PENDING,AWAITING PACKET
ITEM-043,PENDING,AWAITING PACKET
ITEM-044,PENDING,AWAITING PACKET
ITEM-045,PENDING,AWAITING PACKET
ITEM-046,PENDING,AWAITING PACKET
ITEM-047,PENDING,AWAITING PACKET
ITEM-048,PENDING,AWAITING PACKET
ITEM-049,PENDING,AWAITING PACKET
ITEM-050,PENDING,AWAITING PACKET
