condition,ecosystem,n,human_faithful,human_minor_unsupported,human_major_unsupported,judge_faithful,judge_minor_unsupported,judge_major_unsupported,unsupported_rate,unsupported_low,unsupported_high,major_rate,major_low,major_high
A,npm,9,6,1,2,9,0,0,0.333333,0.120584,0.645798,0.222222,0.063225,0.547411
A,pypi,9,7,2,0,9,0,0,0.222222,0.063225,0.547411,0.000000,0.000000,0.299145
A,all,18,13,3,2,18,0,0,0.277778,0.124998,0.508727,0.111111,0.031020,0.327998
B,npm,8,6,1,1,8,0,0,0.250000,0.071479,0.590725,0.125000,0.022417,0.470888
B,pypi,8,4,1,3,6,2,0,0.500000,0.215216,0.784784,0.375000,0.136844,0.694258
B,all,16,10,2,4,14,2,0,0.375000,0.184812,0.613590,0.250000,0.101821,0.494983
C,npm,8,5,3,0,7,1,0,0.375000,0.136844,0.694258,0.000000,0.000000,0.324408
C,pypi,8,6,2,0,6,1,1,0.250000,0.071479,0.590725,0.000000,0.000000,0.324408
C,all,16,11,5,0,13,2,1,0.312500,0.141646,0.555956,0.000000,0.000000,0.193608
all,all,50,34,10,6,45,4,1,0.320000,0.207582,0.458103,0.120000,0.056176,0.238048
