formula,parameter,change,flips,repositories,rate,by_ecosystem
v1,weight:deprecation,-20%,73,914,0.079869,"{""mixed"": [1, 37], ""npm"": [52, 475], ""pypi"": [20, 402]}"
v1,weight:deprecation,-10%,43,914,0.047046,"{""mixed"": [1, 37], ""npm"": [34, 475], ""pypi"": [8, 402]}"
v1,weight:deprecation,+10%,16,914,0.017505,"{""mixed"": [0, 37], ""npm"": [9, 475], ""pypi"": [7, 402]}"
v1,weight:deprecation,+20%,25,914,0.027352,"{""mixed"": [0, 37], ""npm"": [12, 475], ""pypi"": [13, 402]}"
v1,weight:severity,-20%,59,914,0.064551,"{""mixed"": [1, 37], ""npm"": [36, 475], ""pypi"": [22, 402]}"
v1,weight:severity,-10%,38,914,0.041575,"{""mixed"": [1, 37], ""npm"": [28, 475], ""pypi"": [9, 402]}"
v1,weight:severity,+10%,10,914,0.010941,"{""mixed"": [0, 37], ""npm"": [5, 475], ""pypi"": [5, 402]}"
v1,weight:severity,+20%,19,914,0.020788,"{""mixed"": [0, 37], ""npm"": [10, 475], ""pypi"": [9, 402]}"
v1,weight:count,-20%,33,914,0.036105,"{""mixed"": [1, 37], ""npm"": [25, 475], ""pypi"": [7, 402]}"
v1,weight:count,-10%,24,914,0.026258,"{""mixed"": [1, 37], ""npm"": [20, 475], ""pypi"": [3, 402]}"
v1,weight:count,+10%,8,914,0.008753,"{""mixed"": [0, 37], ""npm"": [3, 475], ""pypi"": [5, 402]}"
v1,weight:count,+20%,10,914,0.010941,"{""mixed"": [0, 37], ""npm"": [5, 475], ""pypi"": [5, 402]}"
v1,weight:staleness,-20%,21,914,0.022976,"{""mixed"": [0, 37], ""npm"": [2, 475], ""pypi"": [19, 402]}"
v1,weight:staleness,-10%,11,914,0.012035,"{""mixed"": [0, 37], ""npm"": [1, 475], ""pypi"": [10, 402]}"
v1,weight:staleness,+10%,53,914,0.057987,"{""mixed"": [1, 37], ""npm"": [36, 475], ""pypi"": [16, 402]}"
v1,weight:staleness,+20%,77,914,0.084245,"{""mixed"": [2, 37], ""npm"": [46, 475], ""pypi"": [29, 402]}"
v1,rollup.decay,-20% (0.4),27,914,0.029540,"{""mixed"": [0, 37], ""npm"": [14, 475], ""pypi"": [13, 402]}"
v1,rollup.decay,-10% (0.45),14,914,0.015317,"{""mixed"": [0, 37], ""npm"": [7, 475], ""pypi"": [7, 402]}"
v1,rollup.decay,+10% (0.55),48,914,0.052516,"{""mixed"": [1, 37], ""npm"": [39, 475], ""pypi"": [8, 402]}"
v1,rollup.decay,+20% (0.6),66,914,0.072210,"{""mixed"": [2, 37], ""npm"": [51, 475], ""pypi"": [13, 402]}"
v1,rollup.max_terms,-20% (16),0,914,0.000000,"{""mixed"": [0, 37], ""npm"": [0, 475], ""pypi"": [0, 402]}"
v1,rollup.max_terms,-10% (18),0,914,0.000000,"{""mixed"": [0, 37], ""npm"": [0, 475], ""pypi"": [0, 402]}"
v1,rollup.max_terms,+10% (22),0,914,0.000000,"{""mixed"": [0, 37], ""npm"": [0, 475], ""pypi"": [0, 402]}"
v1,rollup.max_terms,+20% (24),0,914,0.000000,"{""mixed"": [0, 37], ""npm"": [0, 475], ""pypi"": [0, 402]}"
v1,thresholds.safe_min,-5 (75),25,914,0.027352,"{""mixed"": [0, 37], ""npm"": [3, 475], ""pypi"": [22, 402]}"
v1,thresholds.safe_min,+5 (85),99,914,0.108315,"{""mixed"": [2, 37], ""npm"": [63, 475], ""pypi"": [34, 402]}"
v1,thresholds.medium_min,-5 (45),29,914,0.031729,"{""mixed"": [0, 37], ""npm"": [19, 475], ""pypi"": [10, 402]}"
v1,thresholds.medium_min,+5 (55),20,914,0.021882,"{""mixed"": [0, 37], ""npm"": [11, 475], ""pypi"": [9, 402]}"
